Filename,Depositos,Vendedores,Greedy_cost,Greedy_time,Greedy_free,Binpacking_cost,Binpacking_time,Binpacking_free,Swap(Greedy)_cost,Swap(Greedy)_time,Swap(Greedy)_free,Swap(Bin Packing)_cost,Swap(Bin Packing)_time,Swap(Bin Packing)_free,Relocate(Greedy)_cost,Relocate(Greedy)_time,Relocate(Greedy)_free,Relocate(Bin Packing)_cost,Relocate(Bin Packing)_time,Relocate(Bin Packing)_free,Swap+Relocate(Greedy)_cost,Swap+Relocate(Greedy)_time,Swap+Relocate(Greedy)_free,Swap+Relocate(Bin Packing)_cost,Swap+Relocate(Bin Packing)_time,Swap+Relocate(Bin Packing)_free,Relocate+Swap(Greedy)_cost,Relocate+Swap(Greedy)_time,Relocate+Swap(Greedy)_free,Relocate+Swap(Bin Packing)_cost,Relocate+Swap(Bin Packing)_time,Relocate+Swap(Bin Packing)_free,Meta_cost,Meta_time,Meta_free
a05100,5,100,1709,0.151,0,3206,0.387459,0,1700,2.88242,0,1712,23.434,0,1709,0.197792,0,1719,4.32167,0,1700,1.40579,0,1699,6.19317,0,1700,2.93117,0,1698,23.6658,0,3108,420,0
a20100,20,100,1170,0.073459,0,2972,0.308584,0,1168,1.16717,0,1245,34.1673,0,1170,0.197792,0,1165,15.928,0,1168,1.31888,0,1163,16.6947,0,1167,1.40842,0,1161,38.026,0,2512,1634,0
a10100,10,100,1390,0.050667,0,2954,0.15875,0,1367,1.74467,0,1395,25.1368,0,1390,0.119458,0,1369,7.27833,0,1367,1.84337,0,1369,7.6275,0,1365,1.91425,0,1363,25.9224,0,2315,1281,0
a05200,5,200,3259,0.08425,0,6075,0.199667,0,3238,5.97904,0,3258,142.082,0,3259,0.171333,0,3236,16.9246,0,3238,13.5789,0,3235,19.8624,0,3238,6.06363,0,3235,142.703,0,5987,1259,0
a20200,20,200,2371,0.145667,0,5855,0.617541,0,2353,7.08346,0,2423,238.854,0,2371,0.385334,0,2357,59.6371,0,2353,7.47442,0,2354,63.853,0,2353,7.33296,0,2345,247.162,0,5235,6136,0
a10200,10,200,2670,0.102542,0,6183,0.336792,0,2632,14.8268,0,2677,189.941,0,2670,0.237583,0,2636,30.0371,0,2632,30.68,0,2633,35.036,0,2628,15.398,0,2629,192.366,0,4626,4398,0
b10200,10,200,8255,0.090083,42,6031,0.315042,0,7788,78.6509,42,3018,162.874,0,8255,0.187042,42,3075,22.6615,0,7788,78.2269,42,2948,53.8127,0,6779,79.7627,33,3007,163.062,0,5640,1849,19
b20200,20,200,3628,0.147667,7,5860,0.599291,0,3335,56.8047,7,2464,238.127,0,3628,0.318083,7,2472,52.1453,0,3335,67.5569,7,2417,76.48,0,2439,60.2684,0,2437,240.308,0,3413,2274,1
