Filename,Depositos,Vendedores,Greedy_cost,Greedy_time,Binpacking_cost,Binpacking_time,Swap(Greedy)_cost,Swap(Greedy)_time,Relocate(Greedy)_cost,Relocate(Greedy)_time,Metaheuristic_cost,Metaheuristic_time
a05100,5,100,1709,1.90929,3206,1.63083,1700,115.346,1709,181.495,1700,301.337
a20100,20,100,1170,2.15992,2972,2.49604,1168,64.1622,1170,307.922,1167,367.487
a10100,10,100,1390,1.51042,2954,1.43112,1369,64.219,1390,234.776,1364,304.794
a05200,5,200,3259,3.43808,6075,2.78337,3246,98.707,3259,250.552,3246,342.56
a20200,20,200,2371,5.24613,5855,5.56404,2362,75.8007,2371,441.027,2362,510.644
a10200,10,200,2670,3.99688,6183,3.96721,2646,57.2668,2670,326.535,2622,386.514
